[{"model": "store.artist", "pk": 2, "fields": {"name": "Artiste 1"}}, {"model": "store.artist", "pk": 3, "fields": {"name": "Artiste 2"}}, {"model": "store.artist", "pk": 4, "fields": {"name": "Artiste 3"}}, {"model": "store.artist", "pk": 5, "fields": {"name": "Artiste 4"}}, {"model": "store.artist", "pk": 6, "fields": {"name": "Artiste 5"}}, {"model": "store.artist", "pk": 7, "fields": {"name": "Artiste 6"}}, {"model": "store.artist", "pk": 8, "fields": {"name": "Artiste 7"}}, {"model": "store.artist", "pk": 9, "fields": {"name": "Artiste 8"}}, {"model": "store.artist", "pk": 10, "fields": {"name": "Artiste 9"}}, {"model": "store.artist", "pk": 11, "fields": {"name": "Artiste 10"}}, {"model": "store.artist", "pk": 12, "fields": {"name": "Artiste 11"}}, {"model": "store.artist", "pk": 13, "fields": {"name": "Artiste 12$"}}, {"model": "store.artist", "pk": 14, "fields": {"name": "Artiste 13"}}, {"model": "store.artist", "pk": 15, "fields": {"name": "Artiste 14"}}, {"model": "store.artist", "pk": 16, "fields": {"name": "Artiste 15"}}, {"model": "store.artist", "pk": 17, "fields": {"name": "Artiste 16"}}, {"model": "store.artist", "pk": 18, "fields": {"name": "Artiste 17"}}, {"model": "store.contact", "pk": 1, "fields": {"email": "test", "name": "test"}}, {"model": "store.contact", "pk": 2, "fields": {"email": "test@test", "name": "test"}}, {"model": "store.contact", "pk": 3, "fields": {"email": "test@test.com", "name": "test"}}, {"model": "store.album", "pk": 1, "fields": {"reference": null, "created_at": "2020-02-03T13:01:45.425Z", "available": false, "title": "Album 1", "picture": "", "artists": []}}, {"model": "store.album", "pk": 2, "fields": {"reference": null, "created_at": "2020-02-03T13:01:45.430Z", "available": false, "title": "Album 2", "picture": "", "artists": []}}, {"model": "store.album", "pk": 3, "fields": {"reference": null, "created_at": "2020-02-03T13:01:45.434Z", "available": false, "title": "Album 3", "picture": "", "artists": []}}, {"model": "store.album", "pk": 4, "fields": {"reference": null, "created_at": "2020-02-03T13:01:45.436Z", "available": false, "title": "Album 4", "picture": "", "artists": []}}, {"model": "store.album", "pk": 5, "fields": {"reference": null, "created_at": "2020-02-03T13:01:45.439Z", "available": false, "title": "Album 5", "picture": "", "artists": []}}, {"model": "store.album", "pk": 6, "fields": {"reference": null, "created_at": "2020-02-03T13:01:45.441Z", "available": true, "title": "Album 6", "picture": "", "artists": [3]}}, {"model": "store.album", "pk": 7, "fields": {"reference": null, "created_at": "2020-02-03T13:01:45.445Z", "available": true, "title": "Album 7", "picture": "", "artists": []}}, {"model": "store.album", "pk": 8, "fields": {"reference": null, "created_at": "2020-02-03T13:01:46.417Z", "available": true, "title": "Album 8", "picture": "", "artists": [18]}}, {"model": "store.album", "pk": 9, "fields": {"reference": null, "created_at": "2020-02-04T10:28:21.944Z", "available": true, "title": "Album 9", "picture": "", "artists": []}}, {"model": "store.album", "pk": 10, "fields": {"reference": null, "created_at": "2020-02-04T10:28:27.217Z", "available": true, "title": "Album 10", "picture": "", "artists": []}}, {"model": "store.album", "pk": 11, "fields": {"reference": null, "created_at": "2020-02-04T10:28:29.404Z", "available": true, "title": "Album 11", "picture": "", "artists": []}}, {"model": "store.album", "pk": 12, "fields": {"reference": null, "created_at": "2020-02-04T10:28:31.470Z", "available": true, "title": "Album 12", "picture": "", "artists": []}}, {"model": "store.album", "pk": 13, "fields": {"reference": null, "created_at": "2020-02-04T10:28:34.342Z", "available": true, "title": "Album 13", "picture": "", "artists": []}}, {"model": "store.album", "pk": 14, "fields": {"reference": null, "created_at": "2020-02-04T10:28:36.107Z", "available": true, "title": "Album 14", "picture": "", "artists": []}}, {"model": "store.album", "pk": 15, "fields": {"reference": null, "created_at": "2020-02-04T10:28:37.920Z", "available": true, "title": "Album 15", "picture": "", "artists": []}}, {"model": "store.booking", "pk": 1, "fields": {"created_at": "2020-02-04T10:49:20.698Z", "contacted": false, "album": 1, "contact": 1}}, {"model": "store.booking", "pk": 3, "fields": {"created_at": "2020-02-04T10:59:06.986Z", "contacted": false, "album": 2, "contact": 3}}, {"model": "store.booking", "pk": 5, "fields": {"created_at": "2020-02-04T11:13:07.558Z", "contacted": false, "album": 3, "contact": 3}}, {"model": "store.booking", "pk": 8, "fields": {"created_at": "2020-02-04T14:21:44.864Z", "contacted": false, "album": 4, "contact": 3}}, {"model": "store.booking", "pk": 10, "fields": {"created_at": "2020-02-04T14:22:38.546Z", "contacted": false, "album": 5, "contact": 3}}, {"model": "contenttypes.contenttype", "pk": 1, "fields": {"app_label": "admin", "model": "logentry"}}, {"model": "contenttypes.contenttype", "pk": 2, "fields": {"app_label": "auth", "model": "permission"}}, {"model": "contenttypes.contenttype", "pk": 3, "fields": {"app_label": "auth", "model": "group"}}, {"model": "contenttypes.contenttype", "pk": 4, "fields": {"app_label": "auth", "model": "user"}}, {"model": "contenttypes.contenttype", "pk": 5, "fields": {"app_label": "contenttypes", "model": "contenttype"}}, {"model": "contenttypes.contenttype", "pk": 6, "fields": {"app_label": "sessions", "model": "session"}}, {"model": "contenttypes.contenttype", "pk": 7, "fields": {"app_label": "store", "model": "booking"}}, {"model": "contenttypes.contenttype", "pk": 8, "fields": {"app_label": "store", "model": "artist"}}, {"model": "contenttypes.contenttype", "pk": 9, "fields": {"app_label": "store", "model": "contact"}}, {"model": "contenttypes.contenttype", "pk": 10, "fields": {"app_label": "store", "model": "album"}}, {"model": "sessions.session", "pk": "yh0pnkao9glej0sggfzzay6zmse6lekv", "fields": {"session_data": "NGJhZTVjMDY5ZDZhY2U5ZDA4MDViYTE3NzgwYTlkYmM0Y2U2ZDk4NTp7Il9hdXRoX3VzZXJfaWQiOiIxIiwiX2F1dGhfdXNlcl9iYWNrZW5kIjoiZGphbmdvLmNvbnRyaWIuYXV0aC5iYWNrZW5kcy5Nb2RlbEJhY2tlbmQiLCJfYXV0aF91c2VyX2hhc2giOiJlN2Y4ZjFjZWY3MjNiYzllNGE2NWNkNWIwNzhkZTZmOTRmY2ZkMWFkIn0=", "expire_date": "2020-02-18T14:31:31.133Z"}}, {"model": "auth.permission", "pk": 1, "fields": {"name": "Can add log entry", "content_type": 1, "codename": "add_logentry"}}, {"model": "auth.permission", "pk": 2, "fields": {"name": "Can change log entry", "content_type": 1, "codename": "change_logentry"}}, {"model": "auth.permission", "pk": 3, "fields": {"name": "Can delete log entry", "content_type": 1, "codename": "delete_logentry"}}, {"model": "auth.permission", "pk": 4, "fields": {"name": "Can view log entry", "content_type": 1, "codename": "view_logentry"}}, {"model": "auth.permission", "pk": 5, "fields": {"name": "Can add permission", "content_type": 2, "codename": "add_permission"}}, {"model": "auth.permission", "pk": 6, "fields": {"name": "Can change permission", "content_type": 2, "codename": "change_permission"}}, {"model": "auth.permission", "pk": 7, "fields": {"name": "Can delete permission", "content_type": 2, "codename": "delete_permission"}}, {"model": "auth.permission", "pk": 8, "fields": {"name": "Can view permission", "content_type": 2, "codename": "view_permission"}}, {"model": "auth.permission", "pk": 9, "fields": {"name": "Can add group", "content_type": 3, "codename": "add_group"}}, {"model": "auth.permission", "pk": 10, "fields": {"name": "Can change group", "content_type": 3, "codename": "change_group"}}, {"model": "auth.permission", "pk": 11, "fields": {"name": "Can delete group", "content_type": 3, "codename": "delete_group"}}, {"model": "auth.permission", "pk": 12, "fields": {"name": "Can view group", "content_type": 3, "codename": "view_group"}}, {"model": "auth.permission", "pk": 13, "fields": {"name": "Can add user", "content_type": 4, "codename": "add_user"}}, {"model": "auth.permission", "pk": 14, "fields": {"name": "Can change user", "content_type": 4, "codename": "change_user"}}, {"model": "auth.permission", "pk": 15, "fields": {"name": "Can delete user", "content_type": 4, "codename": "delete_user"}}, {"model": "auth.permission", "pk": 16, "fields": {"name": "Can view user", "content_type": 4, "codename": "view_user"}}, {"model": "auth.permission", "pk": 17, "fields": {"name": "Can add content type", "content_type": 5, "codename": "add_contenttype"}}, {"model": "auth.permission", "pk": 18, "fields": {"name": "Can change content type", "content_type": 5, "codename": "change_contenttype"}}, {"model": "auth.permission", "pk": 19, "fields": {"name": "Can delete content type", "content_type": 5, "codename": "delete_contenttype"}}, {"model": "auth.permission", "pk": 20, "fields": {"name": "Can view content type", "content_type": 5, "codename": "view_contenttype"}}, {"model": "auth.permission", "pk": 21, "fields": {"name": "Can add session", "content_type": 6, "codename": "add_session"}}, {"model": "auth.permission", "pk": 22, "fields": {"name": "Can change session", "content_type": 6, "codename": "change_session"}}, {"model": "auth.permission", "pk": 23, "fields": {"name": "Can delete session", "content_type": 6, "codename": "delete_session"}}, {"model": "auth.permission", "pk": 24, "fields": {"name": "Can view session", "content_type": 6, "codename": "view_session"}}, {"model": "auth.permission", "pk": 25, "fields": {"name": "Can add booking", "content_type": 7, "codename": "add_booking"}}, {"model": "auth.permission", "pk": 26, "fields": {"name": "Can change booking", "content_type": 7, "codename": "change_booking"}}, {"model": "auth.permission", "pk": 27, "fields": {"name": "Can delete booking", "content_type": 7, "codename": "delete_booking"}}, {"model": "auth.permission", "pk": 28, "fields": {"name": "Can view booking", "content_type": 7, "codename": "view_booking"}}, {"model": "auth.permission", "pk": 29, "fields": {"name": "Can add artist", "content_type": 8, "codename": "add_artist"}}, {"model": "auth.permission", "pk": 30, "fields": {"name": "Can change artist", "content_type": 8, "codename": "change_artist"}}, {"model": "auth.permission", "pk": 31, "fields": {"name": "Can delete artist", "content_type": 8, "codename": "delete_artist"}}, {"model": "auth.permission", "pk": 32, "fields": {"name": "Can view artist", "content_type": 8, "codename": "view_artist"}}, {"model": "auth.permission", "pk": 33, "fields": {"name": "Can add contact", "content_type": 9, "codename": "add_contact"}}, {"model": "auth.permission", "pk": 34, "fields": {"name": "Can change contact", "content_type": 9, "codename": "change_contact"}}, {"model": "auth.permission", "pk": 35, "fields": {"name": "Can delete contact", "content_type": 9, "codename": "delete_contact"}}, {"model": "auth.permission", "pk": 36, "fields": {"name": "Can view contact", "content_type": 9, "codename": "view_contact"}}, {"model": "auth.permission", "pk": 37, "fields": {"name": "Can add album", "content_type": 10, "codename": "add_album"}}, {"model": "auth.permission", "pk": 38, "fields": {"name": "Can change album", "content_type": 10, "codename": "change_album"}}, {"model": "auth.permission", "pk": 39, "fields": {"name": "Can delete album", "content_type": 10, "codename": "delete_album"}}, {"model": "auth.permission", "pk": 40, "fields": {"name": "Can view album", "content_type": 10, "codename": "view_album"}}, {"model": "auth.user", "pk": 1, "fields": {"password": "pbkdf2_sha256$180000$6b89nT0BXvDb$xZMBnXDmvEb+EkwUF5Q8/SLy+b6193zhrXBerN8dejg=", "last_login": "2020-02-04T14:31:31.051Z", "is_superuser": true, "username": "ganciaux", "first_name": "", "last_name": "", "email": "", "is_staff": true, "is_active": true, "date_joined": "2020-02-04T14:30:26.987Z", "groups": [], "user_permissions": []}}, {"model": "admin.logentry", "pk": 1, "fields": {"action_time": "2020-02-04T14:33:35.496Z", "user": 1, "content_type": 7, "object_id": "10", "object_repr": "test", "action_flag": 2, "change_message": "[]"}}, {"model": "admin.logentry", "pk": 2, "fields": {"action_time": "2020-02-04T14:55:37.702Z", "user": 1, "content_type": 8, "object_id": "3", "object_repr": "Artiste 2", "action_flag": 2, "change_message": "[{\"added\": {\"name\": \"Relation album-artist\", \"object\": \"Album_artists object (2)\"}}]"}}]